website_name,website_link,phone,business_info,business_description,direction,find,near,email,website,competitor1,competitor2,competitor3,competitor4
almstead.com,https://www.google.co.in/aclk?sa=l&ai=DChcSEwjWpMas7cLrAhXWIysKHflFC8QYABABGgJzZg&num=1&sig=AOD64_0h-0VjUyIGUsL2Hjj0R1eA6b6taA&adurl=&rct=j&q=&nb=11,+1 914-576-0193,Almstead Tree Care Experts - Licensed & Certified Arborists,"The science of preserving nature since 1964. Call now for a free estimate! Servicing Since 1964. Expert Tree & Shrub Care. Services: Custom Pruning, Tree Removal, Stump Removal, Thorough Clean-Up, Stump Grinding.",-,tree removal,New York,-,hotfrog,Clearview Tree Service,"Tarzan Tree Removal, LLC",Clearview Tree Service,Family Tree Service
pro-electric.co,https://www.google.co.in/aclk?sa=l&ai=DChcSEwi7pJ-d7cLrAhXBESsKHbYBAgEYABAAGgJzZg&num=1&sig=AOD64_0t7mxFtOmrG1cM7d7loIhNaD5njg&adurl=&rct=j&q=&nb=11,-,Licensed Electricians Nyc - www.Pro-Electric.co,"A Full Service Electrical Contractor Delivering Rapid Response Services. Visit Online Now! Get A Quote. Get A Call Back. Save Time. Services: Install Switches, Install Fixtures, Home Wiring, Install Lightning Protection Systems, Install Telephone Jacks/Wiring.",-,electrician,New York,-,hotfrog,-,-,-,-
longislandbesttreeservice.com,https://www.google.co.in/aclk?sa=l&ai=DChcSEwjWpMas7cLrAhXWIysKHflFC8QYABAAGgJzZg&num=2&sig=AOD64_1oMrWK6670xXiSAgC4aYYyLTYOEg&adurl=&rct=j&q=&nb=11,-,Voted Long Island's Best - Tree Removal Company,"For all of your Tree Removal and Tree Service needs, there's only one place to call. Lowest Price Tree Trimming. Licensed/Insured. Free Estimate Tree Cutting Service. No Job Too Big Or Small. Equipment For Any Service. Over 20 Years Of Business. Free Estimate. Fully Licensed & Insured.",-,tree removal,New York,-,hotfrog,Clearview Tree Service,"Tarzan Tree Removal, LLC",Clearview Tree Service,Family Tree Service
duffyelectricny.com,https://www.google.co.in/aclk?sa=l&ai=DChcSEwi7pJ-d7cLrAhXBESsKHbYBAgEYABADGgJzZg&num=2&sig=AOD64_1q2DUbHftVouGSPP4hydUf3tVGpg&adurl=&rct=j&q=&nb=11,+1 516-597-4644,"Electrician in East Meadow, NY - Contact Us for Information","We Offer Swimming Pool Light Repair and Installation Services. Our Electrical Services Also Include TV and Home Theater Setups. Get An On-Site Assessment. Family Owned & Operated. Competitive Prices. Licensed Electricians. Categories: Residential, Commercial.","East Meadow, NY",electrician,New York,-,hotfrog,-,-,-,-
k10electric.com,https://www.google.co.in/aclk?sa=l&ai=DChcSEwi7pJ-d7cLrAhXBESsKHbYBAgEYABABGgJzZg&num=3&sig=AOD64_1-QE_8CGI5H8tqx3GNcAP6QsdmVA&adurl=&rct=j&q=&nb=11,+1 718-448-1237,K-10 Electric Corp. - Contact Us Today,Our Staff Specializes in Different Fields of Electrical Installations.,-,electrician,New York,Tyson@k10electric.com,hotfrog,-,-,-,-
k10electric.com,https://www.google.co.in/aclk?sa=l&ai=DChcSEwi7pJ-d7cLrAhXBESsKHbYBAgEYABABGgJzZg&num=3&sig=AOD64_1-QE_8CGI5H8tqx3GNcAP6QsdmVA&adurl=&rct=j&q=&nb=11,+1 718-448-1237,K-10 Electric Corp. - Contact Us Today,Our Staff Specializes in Different Fields of Electrical Installations.,-,electrician,New York,tyson@k10electric.com,hotfrog,-,-,-,-
newyorkcityelectricans.com,https://www.google.co.in/aclk?sa=l&ai=DChcSEwi7pJ-d7cLrAhXBESsKHbYBAgEYABACGgJzZg&num=4&sig=AOD64_195bFgVFk7dVZbz4oIeW6xTTdirQ&adurl=&rct=j&q=&nb=11,+1 646-340-0220,New York City Electricians - Service in New York,Get Your Electrical Work Expertly Completed by New York City Electricians. Trained Electrical Specialist Based in New York. Call for General Details Now.,"50 St Marks Pl, New York, NY",electrician,New York,nycelec10@gmail.com,hotfrog,-,-,-,-
owenstrees.com,https://www.google.co.in/aclk?sa=l&ai=DChcSEwjWpMas7cLrAhXWIysKHflFC8QYABACGgJzZg&num=3&sig=AOD64_0I_G-ywXK0lmF8YYAFwvSmAaLpPA&adurl=&rct=j&q=&nb=11,+1 718-885-0914,Owens Brothers Tree Service - Storm Damage Tree Removal,"Trust Our Crew To Safely, Affordably Handle Your Storm Damage Tree Removal Needs. Call Us! A Local, Family Business Since 1959. 24 Hr Emergency And Same-Day Services Available. Established 1959. 24 Hr emergency service. Free estimates. Family owned & operated. Locally owned & operated. Services: Trimming, Pruning, Removal, Stump Removal, Storm Damage, Hazardous Trees, Cabling.",-,tree removal,New York,-,hotfrog,Clearview Tree Service,"Tarzan Tree Removal, LLC",Clearview Tree Service,Family Tree Service
ztreeexperts.com,https://www.google.co.in/aclk?sa=l&ai=DChcSEwjWpMas7cLrAhXWIysKHflFC8QYABADGgJzZg&num=4&sig=AOD64_3ZJVV014GuthtXwalJuM45Kwh3yg&adurl=&rct=j&q=&nb=11,+1 973-910-8733,Crane Service - Tree Removal,"Z Tree Experts - 24 hr disaster relief. Call to speak with a New Jersey Licensed Tree Expert to help with your Emergency. Trained Workforce. Competitive Pricing. Great Customer Service. 24-Hr Emergency Service. Locally Owned & Operated. Highlights: Free Estimates Available, Good Customer Service Available, Locally Owned & Operated Business, Fully Licensed & Insured Business.","28 Valley Rd, Montclair, NJ",tree removal,New York,-,hotfrog,Clearview Tree Service,"Tarzan Tree Removal, LLC",Clearview Tree Service,Family Tree Service
powell-electric.net,https://www.googleadservices.com/pagead/aclk?sa=L&ai=DChcSEwigiMqP7sLrAhXJCisKHURNCMcYABADGgJzZg&num=1&ohost=www.google.co.in&cid=CAASEuRo8-ZEj-3R8uK3rgshq0dBRg&sig=AOD64_1nz_CWvnJ2J92IIEx1aUUFjygHxA&adurl=&rct=j&q=&nb=11,+1 310-961-2529,#1 Los Angeles Electrician - $49 Off Electrical Repair,"With Over 40+ Years Of Experience, We Have The Expertise To Complete Any Electrical Repair. All Of Our Electricians Have Been Background Checked & Drug Tested For Your Safety. Satisfaction Guaranteed. Easy Payment Options. We'll Fix It In A Flash! Trusted Home Service.",-,electrician,Los Angeles,vitalstorm@example.com,hotfrog,Powell Electric,Brentwood Electrical Contractors,BK Los Angeles Licensed Electrician,Gomez Electrical contractor : Residential & Commercial Electrician Los Angeles CA
pacificgoldelectric.com,https://www.googleadservices.com/pagead/aclk?sa=L&ai=DChcSEwigiMqP7sLrAhXJCisKHURNCMcYABAAGgJzZg&num=2&ohost=www.google.co.in&cid=CAASEuRo8-ZEj-3R8uK3rgshq0dBRg&sig=AOD64_3NB2wb5AcHPqsz5jK4JA9JmIZQSw&adurl=&rct=j&q=&nb=11,-,Premier Electrical Contractor - Serving Los Angeles for 15 Yrs,"When You Require An Electrical Contractor, Experience Matters. Workmanship Guaranteed. Panel Upgrade, Rewires, Generator Installations, Indoor/Outdoor Lighting & More. View Projects. Get A Quote. View Services. Highlights: Founded In 2004, Quotes Available.",-,electrician,Los Angeles,-,hotfrog,Powell Electric,Brentwood Electrical Contractors,BK Los Angeles Licensed Electrician,Gomez Electrical contractor : Residential & Commercial Electrician Los Angeles CA
modernelectricalservicesinc.com,https://www.googleadservices.com/pagead/aclk?sa=L&ai=DChcSEwigiMqP7sLrAhXJCisKHURNCMcYABABGgJzZg&num=3&ohost=www.google.co.in&cid=CAASEuRo8-ZEj-3R8uK3rgshq0dBRg&sig=AOD64_2e-s36f2ADTJK4-Q-wgWwBiPlYsg&adurl=&rct=j&q=&nb=11,+1 818-800-7055,Modern Electrical Services - Contact Us,"Our Services Include Wiring and Installation of all EV Chargers. We Specialize in all EV Chargers for Tesla and Level 2. High and Low Voltage. More Than a Decade. Professional Team. Free Estimates. categories: residential, commercial.",-,electrician,Los Angeles,-,hotfrog,Powell Electric,Brentwood Electrical Contractors,BK Los Angeles Licensed Electrician,Gomez Electrical contractor : Residential & Commercial Electrician Los Angeles CA
allinone.la,https://www.googleadservices.com/pagead/aclk?sa=L&ai=DChcSEwigiMqP7sLrAhXJCisKHURNCMcYABACGgJzZg&num=4&ohost=www.google.co.in&cid=CAASEuRo8-ZEj-3R8uK3rgshq0dBRg&sig=AOD64_3fT2P6JTCKXo8oN877tTN6pyemkg&adurl=&rct=j&q=&nb=11,+1 310-299-7265,All in one Electric - www.AllInOne.la,"Fan Favorite Residential and Commercial Electrical Contractor. Local, Trusted and Guaranteed. We've Got Your Back. Reach Out For a Free Estimate! Sign Up For Newsletter. Fully Bonded And Insured. Customer-Focused Company.",-,electrician,Los Angeles,info@allinone.la,hotfrog,Powell Electric,Brentwood Electrical Contractors,BK Los Angeles Licensed Electrician,Gomez Electrical contractor : Residential & Commercial Electrician Los Angeles CA
achortico.com,https://www.googleadservices.com/pagead/aclk?sa=L&ai=DChcSEwiq1q7C7sLrAhWKNSsKHQB7AMIYABACGgJzZg&num=1&ohost=www.google.co.in&cid=CAASEuRoB2hTyKHCgkDbsY8Chq1eVw&sig=AOD64_096nlMAnADzATlriILHomD-qL-9Q&adurl=&rct=j&q=&nb=11,+1 310-514-9447,Tree Removal Los Angeles - Call Today for a Free Estimate,"Experts are Fully Licensed and Insured. Call Us Now for a Free Estimate! Book Your Evaluation Now. Family Owned and Operated. Meet our Arborist Today. Services: Tree Trimming, Tree Removal, Tree Diagnosis.10% off of 500 or more",-,tree removal,Los Angeles,renecastillo@achortico.com,hotfrog,"Crestwood Tree Services | Tree Service, Tree Removal Service, Stump Grinder, Certified Arborist, Stump Removal, Logging Service",Tree Removal Los Angeles,Gabriel´s Tree Service And Landscaping,Golden Tree Removal & Stump Removal Pros Los Angeles
achortico.com,https://www.googleadservices.com/pagead/aclk?sa=L&ai=DChcSEwiq1q7C7sLrAhWKNSsKHQB7AMIYABACGgJzZg&num=1&ohost=www.google.co.in&cid=CAASEuRoB2hTyKHCgkDbsY8Chq1eVw&sig=AOD64_096nlMAnADzATlriILHomD-qL-9Q&adurl=&rct=j&q=&nb=11,+1 310-514-9447,Tree Removal Los Angeles - Call Today for a Free Estimate,"Experts are Fully Licensed and Insured. Call Us Now for a Free Estimate! Book Your Evaluation Now. Family Owned and Operated. Meet our Arborist Today. Services: Tree Trimming, Tree Removal, Tree Diagnosis.10% off of 500 or more",-,tree removal,Los Angeles,achortico@aol.com,hotfrog,"Crestwood Tree Services | Tree Service, Tree Removal Service, Stump Grinder, Certified Arborist, Stump Removal, Logging Service",Tree Removal Los Angeles,Gabriel´s Tree Service And Landscaping,Golden Tree Removal & Stump Removal Pros Los Angeles
ralphstreeservices.com,https://www.googleadservices.com/pagead/aclk?sa=L&ai=DChcSEwiq1q7C7sLrAhWKNSsKHQB7AMIYABAAGgJzZg&num=2&ohost=www.google.co.in&cid=CAASEuRoB2hTyKHCgkDbsY8Chq1eVw&sig=AOD64_2oov5RbuDECrRNWLdKQ6mEzzQW_w&adurl=&rct=j&q=&nb=11,+1 310-880-4131,"Tree Service & Brush Removal - Tree Trimming, Removal, Stumps","Professional Tree Care & Brush Clearance Licensed & Insured, LA & S.F. Valley",-,tree removal,Los Angeles,-,hotfrog,"Crestwood Tree Services | Tree Service, Tree Removal Service, Stump Grinder, Certified Arborist, Stump Removal, Logging Service",Tree Removal Los Angeles,Gabriel´s Tree Service And Landscaping,Golden Tree Removal & Stump Removal Pros Los Angeles
tlcnurseries.com,https://www.googleadservices.com/pagead/aclk?sa=L&ai=DChcSEwiq1q7C7sLrAhWKNSsKHQB7AMIYABABGgJzZg&num=3&ohost=www.google.co.in&cid=CAASEuRoB2hTyKHCgkDbsY8Chq1eVw&sig=AOD64_2gJE-8pIuuJcIkNp6Mzag8IgPt4Q&adurl=&rct=j&q=&nb=11,+1 951-352-8383,CA Tree Relocation - Call Now,"Tree Transplanting. Tree Relocation. Tree Spade. Best Customer Service. California/Nevada. High Quality Palms. 30 Years Experience. Reliable. Services: Tree Relocation, Equipment Rentals, Palm Tree Salvage.",-,tree removal,Los Angeles,info@tlcnurseries.com,hotfrog,"Crestwood Tree Services | Tree Service, Tree Removal Service, Stump Grinder, Certified Arborist, Stump Removal, Logging Service",Tree Removal Los Angeles,Gabriel´s Tree Service And Landscaping,Golden Tree Removal & Stump Removal Pros Los Angeles
deerfieldelectricco.com,https://www.googleadservices.com/pagead/aclk?sa=L&ai=DChcSEwj-4YOI78LrAhXQIysKHTplAcgYABAAGgJzZg&num=1&ohost=www.google.co.in&cid=CAASEuRoU5PhvgSO_ZLYs0qcmoxYIQ&sig=AOD64_13PZ-DW815Vi7Za4H2BRlg7GfslQ&adurl=&rct=j&q=&nb=11,+1 847-272-6700,DEERFIELD ELECTRIC COMPANY - Equipment Grounding,"We Provide You with a Wide Range of Services for Your Entire Home or Apartment. Make Your Parking Lot Safe with Quality Installations, Upgrades, and Repairs. Open Monday-Saturday. Family-Owned Business. Trained Technicians.",-,electrician,Chicago,-,hotfrog,Highlights Chicago Electrical Services,T&D Electrician | Electric Company & Electrical Contractors,Sapphire Electric | Licensed Chicago Electrician,STS Electric
horizontransplanting.com,https://www.google.co.in/aclk?sa=L&ai=DChcSEwiq1q7C7sLrAhWKNSsKHQB7AMIYABADGgJzZg&num=4&sig=AOD64_13GHItZv0ftLEbYkWv5A12Rjbhag&adurl=&rct=j&q=&nb=11,-,So Cal Tree Moving,Full service tree transplanting So Cal and Desert Specialists. Cost Effective Method. 15 Years Of Experience.,-,tree removal,Los Angeles,info@horizontransplanting.com,hotfrog,"Crestwood Tree Services | Tree Service, Tree Removal Service, Stump Grinder, Certified Arborist, Stump Removal, Logging Service",Tree Removal Los Angeles,Gabriel´s Tree Service And Landscaping,Golden Tree Removal & Stump Removal Pros Los Angeles
meritshopworks.com,https://www.googleadservices.com/pagead/aclk?sa=L&ai=DChcSEwj-4YOI78LrAhXQIysKHTplAcgYABACGgJzZg&num=2&ohost=www.google.co.in&cid=CAASEuRoU5PhvgSO_ZLYs0qcmoxYIQ&sig=AOD64_0cgAtnrHEyebyEf-K-mSiaQfP9Iw&adurl=&rct=j&q=&nb=11,+1 815-478-9940,Illinois Piping Contractor - Maximize Cost and Efficiency - Leader in Safety Standards,Meritshopworks.com -- Manhattan Mechanical Services,-,electrician,Chicago,sales@meritshopworks.com,hotfrog,Highlights Chicago Electrical Services,T&D Electrician | Electric Company & Electrical Contractors,Sapphire Electric | Licensed Chicago Electrician,STS Electric
google.com,https://www.googleadservices.com/pagead/aclk?sa=L&ai=DChcSEwj7jajy7sLrAhUYCSsKHRQvC9wYABADGgJzZg&num=4&ohost=www.google.co.in&cid=CAASEuRor5TlsZMeP5IpAFBBuNzzMg&sig=AOD64_01XedkcXVeR3Du2J-G2BkiRbZZ-w&adurl=&rct=j&q=&nb=11,+1 909-227-0056,Anthony's Tree Service - Affordable Tree Service,"Tree Removal, Stump Grinding, Emergency Serv, Tree Trimming, Ornamental Pruning.",-,tree removal,Los Angeles,-,hotfrog,"Crestwood Tree Services | Tree Service, Tree Removal Service, Stump Grinder, Certified Arborist, Stump Removal, Logging Service",Tree Removal Los Angeles,Gabriel´s Tree Service And Landscaping,Golden Tree Removal & Stump Removal Pros Los Angeles
mrelectric.com,https://www.googleadservices.com/pagead/aclk?sa=L&ai=DChcSEwj-4YOI78LrAhXQIysKHTplAcgYABADGgJzZg&num=3&ohost=www.google.co.in&cid=CAASEuRoU5PhvgSO_ZLYs0qcmoxYIQ&sig=AOD64_2Dt2ewaC3n-ap-l2t6qLibKJsMTA&adurl=&rct=j&q=&nb=11,+1 779-279-8048,Mr. Electric - Established in 1994 - Contact Us for Details,"We Provide Electrical Installation and Repair Services. Request A Quote. View Locations. View Services. Highlights: Offering Comprehensive Services, Flexible Appointment Available, Quote Available, Licensed Electricians, Locally Owned And Operated Company.","Joliet, IL",electrician,Chicago,-,hotfrog,Highlights Chicago Electrical Services,T&D Electrician | Electric Company & Electrical Contractors,Sapphire Electric | Licensed Chicago Electrician,STS Electric
djelectrician.com,https://www.googleadservices.com/pagead/aclk?sa=L&ai=DChcSEwj-4YOI78LrAhXQIysKHTplAcgYABABGgJzZg&num=4&ohost=www.google.co.in&cid=CAASEuRoU5PhvgSO_ZLYs0qcmoxYIQ&sig=AOD64_0Weg3VcQteoSFOwkX8eJ4pM5wTUA&adurl=&rct=j&q=&nb=11,+1 773-586-5500,d and j electric inc. - chicago - solar power - djelectrician.com,hundreds of projects completed. nabcep rated. Wide Range Of Services. Schedule An Estimate.,"5727 S Harlem Ave, Chicago, IL",electrician,Chicago,sales@djelectrician.com,hotfrog,Highlights Chicago Electrical Services,T&D Electrician | Electric Company & Electrical Contractors,Sapphire Electric | Licensed Chicago Electrician,STS Electric
abbelectriccompany.com,https://www.googleadservices.com/pagead/aclk?sa=L&ai=DChcSEwiXwJuq78LrAhVXDisKHfdiBigYABABGgJzZg&num=4&ohost=www.google.co.in&cid=CAASEuRo_YkN9Ve7y1cuomZ5q0JVbA&sig=AOD64_1L0eqjLif22k_MrwcBO5DrxjUGiA&adurl=&rct=j&q=&nb=11,+1 773-570-4656,ABB Electric - Electrical Services - abbelectriccompany.com,We Provide Prompt & Reliable Electrical Services For Your Home Or Business. Call Us Today! We're...,"5814 W Fullerton Ave, Chicago, IL",electrician,Chicago,abbelectric@aol.com,hotfrog,Highlights Chicago Electrical Services,T&D Electrician | Electric Company & Electrical Contractors,Sapphire Electric | Licensed Chicago Electrician,STS Electric
tdstreeservice.com,https://www.googleadservices.com/pagead/aclk?sa=L&ai=DChcSEwjt-fj578LrAhWFfysKHV9BA5EYABACGgJzZg&num=1&ohost=www.google.co.in&cid=CAASEuRo3apI1qSyzv0gEO1VSTHZ8g&sig=AOD64_2PaMA-W0VgRPpKzOn__F8ymUnGQw&adurl=&rct=j&q=&nb=11,+1 574-772-0153,Certified Tree Removal - Get A Free Estimate Today - TD's Tree Service,Prompt & Efficient Tree Removal Services At Competitive Rates! Call Our Experts Today. We Have...,-,tree removal,Chicago,td1770@hotmail.com,hotfrog,Discount Professional Tree Removal,A-1 Tree Services,The Davey Tree Expert Company,AJAX Tree Service
nictreeservices.com,https://www.googleadservices.com/pagead/aclk?sa=L&ai=DChcSEwjt-fj578LrAhWFfysKHV9BA5EYABABGgJzZg&num=2&ohost=www.google.co.in&cid=CAASEuRo3apI1qSyzv0gEO1VSTHZ8g&sig=AOD64_24momAObjNQSPGSK3l2JZ0ReD_iw&adurl=&rct=j&q=&nb=11,+1 630-742-8454,NIC Tree Services - Contact Us Today - nictreeservices.com,We Provide Complete Tree Removal and Cleanup of All Debris.,-,tree removal,Chicago,878nic@gmail.com,hotfrog,Discount Professional Tree Removal,A-1 Tree Services,The Davey Tree Expert Company,AJAX Tree Service
nictreeservices.com,https://www.googleadservices.com/pagead/aclk?sa=L&ai=DChcSEwjt-fj578LrAhWFfysKHV9BA5EYABABGgJzZg&num=2&ohost=www.google.co.in&cid=CAASEuRo3apI1qSyzv0gEO1VSTHZ8g&sig=AOD64_24momAObjNQSPGSK3l2JZ0ReD_iw&adurl=&rct=j&q=&nb=11,+1 630-742-8454,NIC Tree Services - Contact Us Today - nictreeservices.com,We Provide Complete Tree Removal and Cleanup of All Debris.,-,tree removal,Chicago,wixofday@wix.com,hotfrog,Discount Professional Tree Removal,A-1 Tree Services,The Davey Tree Expert Company,AJAX Tree Service
facebook.com,https://www.googleadservices.com/pagead/aclk?sa=L&ai=DChcSEwjt-fj578LrAhWFfysKHV9BA5EYABADGgJzZg&num=3&ohost=www.google.co.in&cid=CAASEuRo3apI1qSyzv0gEO1VSTHZ8g&sig=AOD64_0HBkMeyaYiutKb_EYBA8p_EAhhAg&adurl=&rct=j&q=&nb=11,+1 219-973-2276,The Regions Tree Service - We Are in Portage - Tree Service near You - facebook.com,Trust The Regions Tree Service for Quality Tree Works. Request More Information! Do You Need...,-,tree removal,Chicago,-,hotfrog,Discount Professional Tree Removal,A-1 Tree Services,The Davey Tree Expert Company,AJAX Tree Service
lutzelectric.com,https://www.googleadservices.com/pagead/aclk?sa=L&ai=DChcSEwilpJip8MLrAhUQJSsKHYfMCikYABAAGgJzZg&num=1&ohost=www.google.co.in&cid=CAASEuRobNmStxIyzSj8EqXICCvyUQ&sig=AOD64_2hf-PkUp1X3rfaSJh0Fzq2VAFVWQ&adurl=&rct=j&q=&nb=11,+1 281-679-7000,Lutz Electrical Contracting - Family Owned And Operated - lutzelectric.com,"We Provide Power To Industrial, Commercial, And Residential Projects Of All Scopes.",-,electrician,Houston,kelly@lutzelectric.com,hotfrog,Texas Electrical Residential Contractors LLC,Electrician Service Houston,"Peoples Choice Electric, Inc- Electricians in Houston Electrical Contractors - Near Me",Mr. Electric of Houston Midtown
lutzelectric.com,https://www.googleadservices.com/pagead/aclk?sa=L&ai=DChcSEwilpJip8MLrAhUQJSsKHYfMCikYABAAGgJzZg&num=1&ohost=www.google.co.in&cid=CAASEuRobNmStxIyzSj8EqXICCvyUQ&sig=AOD64_2hf-PkUp1X3rfaSJh0Fzq2VAFVWQ&adurl=&rct=j&q=&nb=11,+1 281-679-7000,Lutz Electrical Contracting - Family Owned And Operated - lutzelectric.com,"We Provide Power To Industrial, Commercial, And Residential Projects Of All Scopes.",-,electrician,Houston,Kyle@lutzelectric.com,hotfrog,Texas Electrical Residential Contractors LLC,Electrician Service Houston,"Peoples Choice Electric, Inc- Electricians in Houston Electrical Contractors - Near Me",Mr. Electric of Houston Midtown
lutzelectric.com,https://www.googleadservices.com/pagead/aclk?sa=L&ai=DChcSEwilpJip8MLrAhUQJSsKHYfMCikYABAAGgJzZg&num=1&ohost=www.google.co.in&cid=CAASEuRobNmStxIyzSj8EqXICCvyUQ&sig=AOD64_2hf-PkUp1X3rfaSJh0Fzq2VAFVWQ&adurl=&rct=j&q=&nb=11,+1 281-679-7000,Lutz Electrical Contracting - Family Owned And Operated - lutzelectric.com,"We Provide Power To Industrial, Commercial, And Residential Projects Of All Scopes.",-,electrician,Houston,Bill@lutzelectric.com,hotfrog,Texas Electrical Residential Contractors LLC,Electrician Service Houston,"Peoples Choice Electric, Inc- Electricians in Houston Electrical Contractors - Near Me",Mr. Electric of Houston Midtown
lutzelectric.com,https://www.googleadservices.com/pagead/aclk?sa=L&ai=DChcSEwilpJip8MLrAhUQJSsKHYfMCikYABAAGgJzZg&num=1&ohost=www.google.co.in&cid=CAASEuRobNmStxIyzSj8EqXICCvyUQ&sig=AOD64_2hf-PkUp1X3rfaSJh0Fzq2VAFVWQ&adurl=&rct=j&q=&nb=11,+1 281-679-7000,Lutz Electrical Contracting - Family Owned And Operated - lutzelectric.com,"We Provide Power To Industrial, Commercial, And Residential Projects Of All Scopes.",-,electrician,Houston,kyle@lutzelectric.com,hotfrog,Texas Electrical Residential Contractors LLC,Electrician Service Houston,"Peoples Choice Electric, Inc- Electricians in Houston Electrical Contractors - Near Me",Mr. Electric of Houston Midtown
lutzelectric.com,https://www.googleadservices.com/pagead/aclk?sa=L&ai=DChcSEwilpJip8MLrAhUQJSsKHYfMCikYABAAGgJzZg&num=1&ohost=www.google.co.in&cid=CAASEuRobNmStxIyzSj8EqXICCvyUQ&sig=AOD64_2hf-PkUp1X3rfaSJh0Fzq2VAFVWQ&adurl=&rct=j&q=&nb=11,+1 281-679-7000,Lutz Electrical Contracting - Family Owned And Operated - lutzelectric.com,"We Provide Power To Industrial, Commercial, And Residential Projects Of All Scopes.",-,electrician,Houston,bill@lutzelectric.com,hotfrog,Texas Electrical Residential Contractors LLC,Electrician Service Houston,"Peoples Choice Electric, Inc- Electricians in Houston Electrical Contractors - Near Me",Mr. Electric of Houston Midtown
hitchandholdfast.com,https://www.googleadservices.com/pagead/aclk?sa=L&ai=DChcSEwjt-fj578LrAhWFfysKHV9BA5EYABAAGgJzZg&num=4&ohost=www.google.co.in&cid=CAASEuRo3apI1qSyzv0gEO1VSTHZ8g&sig=AOD64_1yHl_hqSd58rEquGk1k6_Are-wsg&adurl=&rct=j&q=&nb=11,+1 630-403-8009,High-Quality Tree Services - Tree Care and Services - hitchandholdfast.com,Make Sure Your Trees Are Safe & Look Their Best With Our Professional Service,-,tree removal,Chicago,info@hitchandholdfast.com,hotfrog,Discount Professional Tree Removal,A-1 Tree Services,The Davey Tree Expert Company,AJAX Tree Service
masterelectricalservicestx.com,https://www.googleadservices.com/pagead/aclk?sa=L&ai=DChcSEwilpJip8MLrAhUQJSsKHYfMCikYABABGgJzZg&num=2&ohost=www.google.co.in&cid=CAASEuRobNmStxIyzSj8EqXICCvyUQ&sig=AOD64_0JYxhvF7GqnRYZVffWmT-pV89uHA&adurl=&rct=j&q=&nb=11,+1 409-925-4174,Master Electrical Services - Free Estimates - masterelectricalservicestx.com,Qualified Electrician Ready to Complete Your Electrical Projects. Free Estimates Call Now.,"2513 FM 646 N, Santa Fe, TX",electrician,Houston,MESSantaFe@yahoo.com,hotfrog,Texas Electrical Residential Contractors LLC,Electrician Service Houston,"Peoples Choice Electric, Inc- Electricians in Houston Electrical Contractors - Near Me",Mr. Electric of Houston Midtown
cookelectricalimprovements.com,https://www.googleadservices.com/pagead/aclk?sa=L&ai=DChcSEwilpJip8MLrAhUQJSsKHYfMCikYABACGgJzZg&num=3&ohost=www.google.co.in&cid=CAASEuRobNmStxIyzSj8EqXICCvyUQ&sig=AOD64_29VEzD8j8945cIan6dpVZEw_46tA&adurl=&rct=j&q=&nb=11,+1 281-343-9500,Residential Electrical Service - Free Estimates - cookelectricalimprovements.com,Home Electrical Services By Our Licensed Electrical Contractor. Contact Us Now! Expert technicians.,"Richmond, TX",electrician,Houston,-,hotfrog,Texas Electrical Residential Contractors LLC,Electrician Service Houston,"Peoples Choice Electric, Inc- Electricians in Houston Electrical Contractors - Near Me",Mr. Electric of Houston Midtown
precisetreecare.com,https://www.google.co.in/aclk?sa=L&ai=DChcSEwjmnvWZ8MLrAhXBESsKHbYBAgEYABADGgJzZg&num=4&sig=AOD64_226p1Eh7ihcRwyEvYEpCIMSlFuJg&adurl=&rct=j&q=&nb=11,-,Tree Trimming Specialists - No Tree Too Big - precisetreecare.com,"Best pricing, best knowledge, best service. Call today for your free proposal!",-,tree removal,Chicago,customerservice@precisetreecare.com,hotfrog,Discount Professional Tree Removal,A-1 Tree Services,The Davey Tree Expert Company,AJAX Tree Service
tiktakelectric.com,https://www.googleadservices.com/pagead/aclk?sa=L&ai=DChcSEwilpJip8MLrAhUQJSsKHYfMCikYABADGgJzZg&num=4&ohost=www.google.co.in&cid=CAASEuRobNmStxIyzSj8EqXICCvyUQ&sig=AOD64_1X9BeZsXxWqebUrWegZ-8WyyCshA&adurl=&rct=j&q=&nb=11,+1 832-213-6743,Tiktak Electric Houston - www.TiktakElectric.com,"We Specialize in Residential, Commercial and Industrial Electrical Services.","2812 McCulloch Cir, Houston, TX",electrician,Houston,-,hotfrog,Texas Electrical Residential Contractors LLC,Electrician Service Houston,"Peoples Choice Electric, Inc- Electricians in Houston Electrical Contractors - Near Me",Mr. Electric of Houston Midtown
trioltd.com,https://www.googleadservices.com/pagead/aclk?sa=L&ai=DChcSEwjwrNG58MLrAhXUfSsKHQRVBoUYABABGgJzZg&num=4&ohost=www.google.co.in&cid=CAASEuRoBhqcd0YdkdlIQH3r8S_LMA&sig=AOD64_3fXSq_N1b3WF1UBN3-WN6N31jm_g&adurl=&rct=j&q=&nb=11,+1 713-957-3336,Customized Solutions - Contact Us for Details - trioltd.com,"We Are an Electrical Design, Construction and Service Firm.",-,electrician,Houston,rfp@trioltd.com,hotfrog,Texas Electrical Residential Contractors LLC,Electrician Service Houston,"Peoples Choice Electric, Inc- Electricians in Houston Electrical Contractors - Near Me",Mr. Electric of Houston Midtown
arbortrue.com,https://www.googleadservices.com/pagead/aclk?sa=L&ai=DChcSEwjM346k8cLrAhX8wRYFHVebAIQYABABGgJ0bA&num=1&ohost=www.google.co.in&cid=CAASEuRo1qNwxl18mNgAHbTi8D03_A&sig=AOD64_1TrNZ9JTx3dqq-lvXS4K5oXdj_0Q&adurl=&rct=j&q=&nb=11,+1 832-980-8733,Save our number right away - Work directly with insurance - arbortrue.com,ArborTrue Serves All Of The Gulf Coast Region. We Go Where We Are Needed!,-,tree removal,Houston,888arborist@gmail.com,hotfrog,Tree Removal Houston,Houston Tree Team,Gomez Tree Service,Texas Tree Team
garciaprofessionaltreeservice.com,https://www.googleadservices.com/pagead/aclk?sa=L&ai=DChcSEwjM346k8cLrAhX8wRYFHVebAIQYABADGgJ0bA&num=2&ohost=www.google.co.in&cid=CAASEuRo1qNwxl18mNgAHbTi8D03_A&sig=AOD64_1PpyM3OUfZVeJ-qJZj4cSM726a4w&adurl=&rct=j&q=&nb=11,-,20 Years Experience - Free Tree Trimming Estimates - Tree Trimming,Have some overgrown trees? Our tree trimmers will have your trees looking beautiful again. Overgrown trees can cause a lot of damage during hurricane season. Get them trimmed today. Fully Insured. Satisfaction Guaranteed. 24 Hour Emergency Service. Open 24/7/365.,-,tree removal,Houston,-,hotfrog,Tree Removal Houston,Houston Tree Team,Gomez Tree Service,Texas Tree Team
rftreeservice.com,https://www.googleadservices.com/pagead/aclk?sa=L&ai=DChcSEwjM346k8cLrAhX8wRYFHVebAIQYABACGgJ0bA&num=3&ohost=www.google.co.in&cid=CAASEuRo1qNwxl18mNgAHbTi8D03_A&sig=AOD64_2QhlfreFyZRzxQf--Ad3z1LyM6-w&adurl=&rct=j&q=&nb=11,+1 713-269-5892,RF Tree Service - 5-star rated company - RFTreeService.com,Houston Tree Service - Family Owned & Operated Since 1985. View Portfolio.,"Houston, TX",tree removal,Houston,eben@eyebytes.com,hotfrog,Tree Removal Houston,Houston Tree Team,Gomez Tree Service,Texas Tree Team
superelectricphoenix.com,https://www.googleadservices.com/pagead/aclk?sa=L&ai=DChcSEwjej6C48cLrAhXMq5YKHR5gBz0YABAAGgJ0bA&num=1&ohost=www.google.co.in&cid=CAASEuRonHiO2QmDFiCBvl-vrzE5sA&sig=AOD64_2Ybu9RsJOVHb11dapA_3l0adb8Fw&adurl=&rct=j&q=&nb=11,+1 602-386-2723,Phoenix Electrical Services - On Time or Repair is Free - superelectricphoenix.com,Your complete satisfaction with our electricians and service is 100% guaranteed.,-,electrician,Phoenix,-,hotfrog,Turn It On Electric,"Arizona Electrical Solutions Phoenix, LLC",Meade Electric Co.,AZ State Electric Phoenix
google.com,https://www.googleadservices.com/pagead/aclk?sa=L&ai=DChcSEwjM346k8cLrAhX8wRYFHVebAIQYABAAGgJ0bA&num=4&ohost=www.google.co.in&cid=CAASEuRo1qNwxl18mNgAHbTi8D03_A&sig=AOD64_31VuLFkPomcuUfTAREEion3utQUg&adurl=&rct=j&q=&nb=11,+1 346-244-9922,Offers a variety of services - Offering plans to fit budget - google.com,"Don't get your hands dirty , let us be your hands with you behind the wheel the whole way",-,tree removal,Houston,-,hotfrog,Tree Removal Houston,Houston Tree Team,Gomez Tree Service,Texas Tree Team
treeservice-mesa.com,https://www.googleadservices.com/pagead/aclk?sa=L&ai=DChcSEwjCnsGN8sLrAhXKHCsKHQbNBp8YABACGgJzZg&num=1&ohost=www.google.co.in&cid=CAASEuRo1AztY6zFmQQ-taO5avIJig&sig=AOD64_3zMIfqhAjwgBfw-lYGZYaHZm3NCQ&adurl=&rct=j&q=&nb=11,+1 480-848-9278,"Bassett Tree Service - Mesa, AZ - treeservice-mesa.com","We Are Your City's Reliable Source For Tree Services! Call Today, We Can Help. Palm Tree Services. Emergency Tree Services. Locally Owned & Operated. Free Estimates. Highlights: Offer Free Estimates, Affordable Pricing.",-,tree removal,Phoenix,-,hotfrog,Hayward Tree Service,Phoenix Trim a Tree LLC,"Tree Pros, LLC",Boyda Stump Removal Inc
google.com,https://www.googleadservices.com/pagead/aclk?sa=L&ai=DChcSEwjCnsGN8sLrAhXKHCsKHQbNBp8YABADGgJzZg&num=2&ohost=www.google.co.in&cid=CAASEuRo1AztY6zFmQQ-taO5avIJig&sig=AOD64_3dZ_EgrY9hJkaD2YzEe8Qcp0f17g&adurl=&rct=j&q=&nb=11,+1 602-824-8285,Fastest Tree Removal Stump Inc - Fastest Response Tree Removal - google.com,American Tree Cutters can handle all your Tree needs! All removals include stump grinding.,-,tree removal,Phoenix,-,hotfrog,Hayward Tree Service,Phoenix Trim a Tree LLC,"Tree Pros, LLC",Boyda Stump Removal Inc
techerstreeservice.com,https://www.googleadservices.com/pagead/aclk?sa=L&ai=DChcSEwjCnsGN8sLrAhXKHCsKHQbNBp8YABAAGgJzZg&num=3&ohost=www.google.co.in&cid=CAASEuRo1AztY6zFmQQ-taO5avIJig&sig=AOD64_3psdl25S_ZwDzyjafSkMaK26U8gw&adurl=&rct=j&q=&nb=11,+1 480-962-6563,"Techer's Tree Service - Serving in Mesa, AZ - Tree Trimming Specialists",We Provide Tree Services at Competitive Prices. We Pride Ourselves on Our Excellent Customer...,"2624 E Baltimore St, Mesa, AZ",tree removal,Phoenix,info@techerstreeservice.com,hotfrog,Hayward Tree Service,Phoenix Trim a Tree LLC,"Tree Pros, LLC",Boyda Stump Removal Inc
heartwoodtreeaz.com,https://www.googleadservices.com/pagead/aclk?sa=L&ai=DChcSEwjCnsGN8sLrAhXKHCsKHQbNBp8YABABGgJzZg&num=4&ohost=www.google.co.in&cid=CAASEuRo1AztY6zFmQQ-taO5avIJig&sig=AOD64_2aEtFJppTuSH-S5EQMmrDBiVI0_A&adurl=&rct=j&q=&nb=11,+1 480-269-5636,Heartwood Tree Care - Family Owned and Operated - heartwoodtreeaz.com,We Provide Tree Care Services to Residential and Commercial Customers.,-,tree removal,Phoenix,heartwoodtreeaz@gmail.com,hotfrog,Hayward Tree Service,Phoenix Trim a Tree LLC,"Tree Pros, LLC",Boyda Stump Removal Inc
foxvalleyelec.com,https://www.googleadservices.com/pagead/aclk?sa=L&ai=DChcSEwjej6C48cLrAhXMq5YKHR5gBz0YABABGgJ0bA&num=2&ohost=www.google.co.in&cid=CAASEuRonHiO2QmDFiCBvl-vrzE5sA&sig=AOD64_0_vpoVKq3AvC-PMsKUDQxeoAmC3Q&adurl=&rct=j&q=&nb=11,+1 623-587-7370,"Expert Phoenix Electricians - Fast, Friendly, Always On Time",All Of Our Services Are Backed By Our 100% Satisfaction Guarantee! Give Us A Call Today. All Of...,"Phoenix, AZ",electrician,Phoenix,randy@foxvalleyelec.com,hotfrog,Turn It On Electric,"Arizona Electrical Solutions Phoenix, LLC",Meade Electric Co.,AZ State Electric Phoenix
phoenixcontractingservices.com,https://www.googleadservices.com/pagead/aclk?sa=L&ai=DChcSEwjej6C48cLrAhXMq5YKHR5gBz0YABADGgJ0bA&num=3&ohost=www.google.co.in&cid=CAASEuRonHiO2QmDFiCBvl-vrzE5sA&sig=AOD64_07vudWXBk4qz2pxKbnHu8QF7XvQg&adurl=&rct=j&q=&nb=11,+1 602-564-1144,Phoenix Contracting Services - Contact Us for Details,We Are Your One-Stop Shop When It Comes to Electrical Panel Upgrades & Replacement. We...,"3310 W Bell Rd #1006, Phoenix, AZ",electrician,Phoenix,jeff@phoenixcontractingservices.com,hotfrog,Turn It On Electric,"Arizona Electrical Solutions Phoenix, LLC",Meade Electric Co.,AZ State Electric Phoenix
electricops.net,https://www.googleadservices.com/pagead/aclk?sa=L&ai=DChcSEwjej6C48cLrAhXMq5YKHR5gBz0YABACGgJ0bA&num=4&ohost=www.google.co.in&cid=CAASEuRonHiO2QmDFiCBvl-vrzE5sA&sig=AOD64_1SJ8dREY6rCwPyUuznxBANuTiMpw&adurl=&rct=j&q=&nb=11,+1 602-877-8767,ELECTRIC OPS LLC - Electrician Near You - electricops.net,We Provide Electrical Services To Both Commercial And Industrial Sector. Our Service,-,electrician,Phoenix,-,hotfrog,Turn It On Electric,"Arizona Electrical Solutions Phoenix, LLC",Meade Electric Co.,AZ State Electric Phoenix
